Variable,Media (Original),Media (Expandido),Desv. Est. (Original),Desv. Est. (Expandido),Mínimo (Original),Mínimo (Expandido),Máximo (Original),Máximo (Expandido)
calories_burned,905.4224049331963,903.8839395801639,272.6415164522588,263.67595870642145,303.0,186.10798627604845,1783.0,1609.968678364421
bmi,24.91212744090442,24.893044778837112,6.660879393631093,6.367373431636923,12.32,7.437460692285338,49.84,41.23382722804155
session_duration (hours),1.2564234326824255,1.2557215973760114,0.3430334803899635,0.32453630710955617,0.5,0.4100486475139433,2.0,2.0898903057320317
max_bpm,179.88386433710176,179.95167797158604,11.525685962379304,11.491372495284548,160.0,140.1782894028592,199.0,219.91672425724178
resting_bpm,62.223021582733814,62.2070479546893,7.327059908996755,7.266027774465926,50.0,38.01117009749779,74.0,85.96739540402018
